,accuracy,precision,recall,auc
baseline,0.8157894736842105,0.8345864661654135,0.8043478260869565,0.9042119565217392
threshold,0.8157894736842105,0.856,0.7753623188405797,0.9042119565217392
